<?xml version="1.0" encoding="UTF-8" standalone="yes"?>
<service serviceGroup="" cachable="false" cacheduration="" description="" endpoint="default" groupType="" id="getEmployee" passwordencrypted="false" security="public" type="jsonConnector" smscode="" smsenabled="false">
    <service-config>
        <config-param api-version="" appid="" name="preprocessorname" value=""/>
        <config-param api-version="" appid="" name="postprocessorname" value=""/>
        <config-param api-version="" appid="" name="preprocessorJS" value=""/>
        <config-param api-version="" appid="" name="postprocessorJS" value=""/>
        <config-param api-version="" appid="" name="kony_http_supported_methods" value="POST"/>
        <config-param api-version="" appid="" name="endpointUrl" value="https://www.stuburl.com"/>
        <config-param api-version="" appid="" name="ignorehttpproxy" value="true"/>
        <config-param api-version="" appid="" name="http.method" value="GET"/>
        <config-param api-version="" appid="" name="dataObjectName" value=""/>
        <config-param api-version="" appid="" name="sockettimeout" value=""/>
        <config-param api-version="" appid="" name="responseEncoding" value="UTF-8"/>
        <config-param api-version="" appid="" name="isembedxmlpresent" value="false"/>
        <config-param api-version="" appid="" name="retrycount" value="0"/>
        <config-param api-version="" appid="" name="stub.response" value="true"/>
        <config-param api-version="" appid="" name="jsonpath" value="true"/>
    </service-config>
    <service-input passthrough="false">
        <header datatype="" name="" passthrough="false"/>
        <stub-param value="{&#xA;   &quot;id&quot;: &quot;{{concat(&quot;EMP&quot;,index())}}&quot;,&#xA;    &quot;onBoarded&quot;: &quot;{{bool()}}&quot;,&#xA;    &quot;salary&quot;: &quot;{{concat(&quot;$&quot;,float(20000, 50000, &quot;%.2f&quot;))}}&quot;,&#xA;    &quot;age&quot;: &quot;{{integer(20, 40)}}&quot;,&#xA;    &quot;name&quot;: &quot;{{firstName()}} {{surname()}}&quot;,&#xA;    &quot;manager&quot;: &quot;{{firstName()}} {{surname()}}&quot;,&#xA;    &quot;gender&quot;: &quot;{{gender()}}&quot;,&#xA;    &quot;designation&quot;:&quot;{{random(&quot;Associate Engineer&quot;,&quot;VP Operations&quot;,&quot;Director Of HR&quot;,&quot;Lead HR Officer&quot;,&quot;Senior Manager&quot;,&quot;Associate Manager&quot;)}}&quot;,&#xA;    &quot;company&quot;: &quot;{{toUpperCase(company())}}&quot;,&#xA;    &quot;email&quot;: &quot;{{email()}}&quot;,&#xA;    &quot;phone&quot;: &quot;+1 {{phone()}}&quot;,&#xA;    &quot;address&quot;: &quot;{{integer(100, 999)}} {{street()}}, {{city()}}, {{state()}}, {{integer(100, 10000)}}&quot;,&#xA;    &quot;location&quot;:&quot;{{city()}}&quot;,&#xA;    &quot;about&quot;: &quot;{{lorem(30, &quot;words&quot;)}}&quot;,&#xA;    &quot;date_of_joining&quot;: &quot;{{date(&quot;01-01-2014 12:00:00&quot;, &quot;01-01-2018 12:00:00&quot;, &quot;yyyy-MM-dd'T'HH:mm:ss Z&quot;)}}&quot;&#xA;  }"/>
    </service-input>
    <service-output passthrough="false">
        <param datatype="string" defaultvalue="" description="" encode="true" format="None" formatvalue="" name="id" order="" passnull="false" sms-name="" src="$.id" sourcevalue="" srcformatvalue="" target="response" targetdatatype="java.lang.String" testvalue="" value="">
            <accessType></accessType>
        </param>
        <param datatype="string" defaultvalue="" description="" encode="true" format="None" formatvalue="" name="onBoarded" order="" passnull="false" sms-name="" src="$.onBoarded" sourcevalue="" srcformatvalue="" target="response" targetdatatype="java.lang.String" testvalue="" value="">
            <accessType></accessType>
        </param>
        <param datatype="string" defaultvalue="" description="" encode="true" format="None" formatvalue="" name="salary" order="" passnull="false" sms-name="" src="$.salary" sourcevalue="" srcformatvalue="" target="response" targetdatatype="java.lang.String" testvalue="" value="">
            <accessType></accessType>
        </param>
        <param datatype="string" defaultvalue="" description="" encode="true" format="None" formatvalue="" name="age" order="" passnull="false" sms-name="" src="$.age" sourcevalue="" srcformatvalue="" target="response" targetdatatype="java.lang.String" testvalue="" value="">
            <accessType></accessType>
        </param>
        <param datatype="string" defaultvalue="" description="" encode="true" format="None" formatvalue="" name="name" order="" passnull="false" sms-name="" src="$.name" sourcevalue="" srcformatvalue="" target="response" targetdatatype="java.lang.String" testvalue="" value="">
            <accessType></accessType>
        </param>
        <param datatype="string" defaultvalue="" description="" encode="true" format="None" formatvalue="" name="manager" order="" passnull="false" sms-name="" src="$.manager" sourcevalue="" srcformatvalue="" target="response" targetdatatype="java.lang.String" testvalue="" value="">
            <accessType></accessType>
        </param>
        <param datatype="string" defaultvalue="" description="" encode="true" format="None" formatvalue="" name="gender" order="" passnull="false" sms-name="" src="$.gender" sourcevalue="" srcformatvalue="" target="response" targetdatatype="java.lang.String" testvalue="" value="">
            <accessType></accessType>
        </param>
        <param datatype="string" defaultvalue="" description="" encode="true" format="None" formatvalue="" name="designation" order="" passnull="false" sms-name="" src="$.designation" sourcevalue="" srcformatvalue="" target="response" targetdatatype="java.lang.String" testvalue="" value="">
            <accessType></accessType>
        </param>
        <param datatype="string" defaultvalue="" description="" encode="true" format="None" formatvalue="" name="company" order="" passnull="false" sms-name="" src="$.company" sourcevalue="" srcformatvalue="" target="response" targetdatatype="java.lang.String" testvalue="" value="">
            <accessType></accessType>
        </param>
        <param datatype="string" defaultvalue="" description="" encode="true" format="None" formatvalue="" name="email" order="" passnull="false" sms-name="" src="$.email" sourcevalue="" srcformatvalue="" target="response" targetdatatype="java.lang.String" testvalue="" value="">
            <accessType></accessType>
        </param>
        <param datatype="string" defaultvalue="" description="" encode="true" format="None" formatvalue="" name="phone" order="" passnull="false" sms-name="" src="$.phone" sourcevalue="" srcformatvalue="" target="response" targetdatatype="java.lang.String" testvalue="" value="">
            <accessType></accessType>
        </param>
        <param datatype="string" defaultvalue="" description="" encode="true" format="None" formatvalue="" name="address" order="" passnull="false" sms-name="" src="$.address" sourcevalue="" srcformatvalue="" target="response" targetdatatype="java.lang.String" testvalue="" value="">
            <accessType></accessType>
        </param>
        <param datatype="string" defaultvalue="" description="" encode="true" format="None" formatvalue="" name="location" order="" passnull="false" sms-name="" src="$.location" sourcevalue="" srcformatvalue="" target="response" targetdatatype="java.lang.String" testvalue="" value="">
            <accessType></accessType>
        </param>
        <param datatype="string" defaultvalue="" description="" encode="true" format="None" formatvalue="" name="about" order="" passnull="false" sms-name="" src="$.about" sourcevalue="" srcformatvalue="" target="response" targetdatatype="java.lang.String" testvalue="" value="">
            <accessType></accessType>
        </param>
        <param datatype="string" defaultvalue="" description="" encode="true" format="None" formatvalue="" name="date_of_joining" order="" passnull="false" sms-name="" src="$.date_of_joining" sourcevalue="" srcformatvalue="" target="response" targetdatatype="java.lang.String" testvalue="" value="">
            <accessType></accessType>
        </param>
    </service-output>
</service>
