<?xml version="1.0" encoding="UTF-8" standalone="yes"?>
<service serviceGroup="" cachable="false" cacheduration="" description="" endpoint="default" groupType="" id="getLocations" passwordencrypted="false" security="public" type="jsonConnector" smscode="" smsenabled="false">
    <service-config>
        <config-param api-version="" appid="" name="preprocessorname" value=""/>
        <config-param api-version="" appid="" name="postprocessorname" value=""/>
        <config-param api-version="" appid="" name="preprocessorJS" value=""/>
        <config-param api-version="" appid="" name="postprocessorJS" value=""/>
        <config-param api-version="" appid="" name="kony_http_supported_methods" value="POST"/>
        <config-param api-version="" appid="" name="endpointUrl" value="https://www.stuburl.com"/>
        <config-param api-version="" appid="" name="ignorehttpproxy" value="true"/>
        <config-param api-version="" appid="" name="http.method" value="GET"/>
        <config-param api-version="" appid="" name="dataObjectName" value=""/>
        <config-param api-version="" appid="" name="sockettimeout" value=""/>
        <config-param api-version="" appid="" name="responseEncoding" value="UTF-8"/>
        <config-param api-version="" appid="" name="isembedxmlpresent" value="false"/>
        <config-param api-version="" appid="" name="retrycount" value="0"/>
        <config-param api-version="" appid="" name="stub.response" value="true"/>
        <config-param api-version="" appid="" name="jsonpath" value="true"/>
    </service-config>
    <service-input passthrough="false">
        <header datatype="" name="" passthrough="false"/>
        <stub-param value="[&#xA;  '{{repeat(30,40)}}',&#xA;  {&#xA;    &quot;locationID&quot;: &quot;{{index()}}&quot;,&#xA;    &quot;company&quot;: &quot;{{toUpperCase(company())}}&quot;,&#xA;    &quot;phone&quot;: &quot;+1 {{phone()}}&quot;,&#xA;    &quot;address&quot;: &quot;{{integer(100, 999)}} {{street()}}, {{city()}}, {{state()}}, {{integer(100, 10000)}}&quot;,&#xA;    &quot;latitude&quot;: &quot;{{float(-90.000001, 90)}}&quot;,&#xA;    &quot;longitude&quot;: &quot;{{float(-180.000001, 180)}}&quot;,&#xA;    &quot;office&quot;:&quot;{{random(&quot;HR Head Office&quot;,&quot;Sales Head Office&quot;,&quot;Marketing Head Office&quot;,&quot;Development Center&quot;)}}&quot;&#xA;  }&#xA;]"/>
    </service-input>
    <service-output passthrough="false">
        <dataset id="responseList" order="" src="$.[*]">
            <param datatype="string" defaultvalue="" description="" encode="true" format="None" formatvalue="" name="locationID" order="" passnull="false" sms-name="" src="locationID" sourcevalue="" srcformatvalue="" target="response" targetdatatype="java.lang.String" testvalue="" value="">
                <accessType></accessType>
            </param>
            <param datatype="string" defaultvalue="" description="" encode="true" format="None" formatvalue="" name="company" order="" passnull="false" sms-name="" src="company" sourcevalue="" srcformatvalue="" target="response" targetdatatype="java.lang.String" testvalue="" value="">
                <accessType></accessType>
            </param>
            <param datatype="string" defaultvalue="" description="" encode="true" format="None" formatvalue="" name="phone" order="" passnull="false" sms-name="" src="phone" sourcevalue="" srcformatvalue="" target="response" targetdatatype="java.lang.String" testvalue="" value="">
                <accessType></accessType>
            </param>
            <param datatype="string" defaultvalue="" description="" encode="true" format="None" formatvalue="" name="address" order="" passnull="false" sms-name="" src="address" sourcevalue="" srcformatvalue="" target="response" targetdatatype="java.lang.String" testvalue="" value="">
                <accessType></accessType>
            </param>
            <param datatype="string" defaultvalue="" description="" encode="true" format="None" formatvalue="" name="latitude" order="" passnull="false" sms-name="" src="latitude" sourcevalue="" srcformatvalue="" target="response" targetdatatype="java.lang.String" testvalue="" value="">
                <accessType></accessType>
            </param>
            <param datatype="string" defaultvalue="" description="" encode="true" format="None" formatvalue="" name="longitude" order="" passnull="false" sms-name="" src="longitude" sourcevalue="" srcformatvalue="" target="response" targetdatatype="java.lang.String" testvalue="" value="">
                <accessType></accessType>
            </param>
            <param datatype="string" defaultvalue="" description="" encode="true" format="None" formatvalue="" name="office" order="" passnull="false" sms-name="" src="office" sourcevalue="" srcformatvalue="" target="response" targetdatatype="java.lang.String" testvalue="" value="">
                <accessType></accessType>
            </param>
        </dataset>
    </service-output>
</service>
