{
  "subType" : "customapp",
  "description" : "SampleData",
  "version" : "1.0",
  "intSvcs" : [ {
    "name" : "CountryList",
    "version" : "2.0"
  }, {
    "name" : "EmployeeData",
    "version" : "1.0"
  }, {
    "name" : "Locations",
    "version" : "1.0"
  }, {
    "name" : "ProductData",
    "version" : "1.0"
  }, {
    "name" : "ProfileData",
    "version" : "1.0"
  } ],
  "objectSvcs" : [ {
    "name" : "EmployeeDataObjects",
    "version" : "1.0"
  }, {
    "name" : "ProductDataObjects",
    "version" : "1.0"
  } ],
  "identity" : [ "SampleIdentityMicrosoftAD" ]
}