<?xml version="1.0" encoding="UTF-8" standalone="yes"?>
<service serviceGroup="" cachable="false" cacheduration="" description="" endpoint="default" groupType="" id="getProducts" passwordencrypted="false" security="public" type="jsonConnector" smscode="" smsenabled="false">
    <service-config>
        <config-param api-version="" appid="" name="preprocessorname" value=""/>
        <config-param api-version="" appid="" name="postprocessorname" value=""/>
        <config-param api-version="" appid="" name="preprocessorJS" value=""/>
        <config-param api-version="" appid="" name="postprocessorJS" value=""/>
        <config-param api-version="" appid="" name="kony_http_supported_methods" value="POST"/>
        <config-param api-version="" appid="" name="endpointUrl" value="https://www.stuburl.com"/>
        <config-param api-version="" appid="" name="ignorehttpproxy" value="true"/>
        <config-param api-version="" appid="" name="http.method" value="GET"/>
        <config-param api-version="" appid="" name="dataObjectName" value=""/>
        <config-param api-version="" appid="" name="sockettimeout" value=""/>
        <config-param api-version="" appid="" name="responseEncoding" value="UTF-8"/>
        <config-param api-version="" appid="" name="isembedxmlpresent" value="false"/>
        <config-param api-version="" appid="" name="retrycount" value="0"/>
        <config-param api-version="" appid="" name="stub.response" value="true"/>
        <config-param api-version="" appid="" name="jsonpath" value="true"/>
    </service-config>
    <service-input passthrough="false">
        <header datatype="" name="" passthrough="false"/>
        <stub-param value="[&#xA;  '{{repeat(40, 100)}}',&#xA;  {&#xA;    &quot;id&quot;: &quot;{{objectId()}}&quot;,&#xA;    &quot;index&quot;: &quot;{{index()}}&quot;,&#xA;    &quot;guid&quot;: &quot;{{guid()}}&quot;,&#xA;    &quot;stockAvailable&quot;: &quot;{{bool()}}&quot;,&#xA;    &quot;cost&quot;: &quot;{{concat(&quot;$&quot;,float(10, 2000, &quot;%.2f&quot;))}}&quot;,&#xA;    &quot;variants&quot;: &quot;{{random(&quot;black&quot;,&quot;red&quot;,&quot;blue&quot;, &quot;brown&quot;, &quot;green&quot;)}}&quot;,&#xA;    &quot;company&quot;: &quot;{{company().toUpperCase()}}&quot;,&#xA;    &quot;productName&quot;:&quot;{{random(&quot;Bomber Jacket&quot;, &quot;Hermes Scarf&quot;, &quot;Plain Crew Neck T-Shirt&quot;, &quot;Wool Mittens&quot;, &quot;Argyle Socks&quot;, &quot;Leather Belt&quot;, &quot;Cashmere Sweater&quot;, &quot;Trench Coat&quot;)}}&quot;,&#xA;    &quot;productRating&quot;:&quot;{{integer(0,5)}}&quot;,&#xA;    &quot;productDescription&quot;:  &quot;{{lorem(30, &quot;words&quot;)}}&quot;&#xA;  }&#xA;]"/>
    </service-input>
    <service-output passthrough="false">
        <dataset id="responseList" order="" src="$.[*]">
            <param datatype="string" defaultvalue="" description="" encode="true" format="None" formatvalue="" name="id" order="" passnull="false" sms-name="" src="id" sourcevalue="" srcformatvalue="" target="response" targetdatatype="java.lang.String" testvalue="" value="">
                <accessType></accessType>
            </param>
            <param datatype="string" defaultvalue="" description="" encode="true" format="None" formatvalue="" name="index" order="" passnull="false" sms-name="" src="index" sourcevalue="" srcformatvalue="" target="response" targetdatatype="java.lang.String" testvalue="" value="">
                <accessType></accessType>
            </param>
            <param datatype="string" defaultvalue="" description="" encode="true" format="None" formatvalue="" name="guid" order="" passnull="false" sms-name="" src="guid" sourcevalue="" srcformatvalue="" target="response" targetdatatype="java.lang.String" testvalue="" value="">
                <accessType></accessType>
            </param>
            <param datatype="string" defaultvalue="" description="" encode="true" format="None" formatvalue="" name="stockAvailable" order="" passnull="false" sms-name="" src="stockAvailable" sourcevalue="" srcformatvalue="" target="response" targetdatatype="java.lang.String" testvalue="" value="">
                <accessType></accessType>
            </param>
            <param datatype="string" defaultvalue="" description="" encode="true" format="None" formatvalue="" name="cost" order="" passnull="false" sms-name="" src="cost" sourcevalue="" srcformatvalue="" target="response" targetdatatype="java.lang.String" testvalue="" value="">
                <accessType></accessType>
            </param>
            <param datatype="string" defaultvalue="" description="" encode="true" format="None" formatvalue="" name="variants" order="" passnull="false" sms-name="" src="variants" sourcevalue="" srcformatvalue="" target="response" targetdatatype="java.lang.String" testvalue="" value="">
                <accessType></accessType>
            </param>
            <param datatype="string" defaultvalue="" description="" encode="true" format="None" formatvalue="" name="company" order="" passnull="false" sms-name="" src="company" sourcevalue="" srcformatvalue="" target="response" targetdatatype="java.lang.String" testvalue="" value="">
                <accessType></accessType>
            </param>
            <param datatype="string" defaultvalue="" description="" encode="true" format="None" formatvalue="" name="productName" order="" passnull="false" sms-name="" src="productName" sourcevalue="" srcformatvalue="" target="response" targetdatatype="java.lang.String" testvalue="" value="">
                <accessType></accessType>
            </param>
            <param datatype="string" defaultvalue="" description="" encode="true" format="None" formatvalue="" name="productRating" order="" passnull="false" sms-name="" src="productRating" sourcevalue="" srcformatvalue="" target="response" targetdatatype="java.lang.String" testvalue="" value="">
                <accessType></accessType>
            </param>
            <param datatype="string" defaultvalue="" description="" encode="true" format="None" formatvalue="" name="productDescription" order="" passnull="false" sms-name="" src="productDescription" sourcevalue="" srcformatvalue="" target="response" targetdatatype="java.lang.String" testvalue="" value="">
                <accessType></accessType>
            </param>
        </dataset>
    </service-output>
</service>
