[ {
  "entityTypeId" : "2ac105b6-ee04-43b8-a4b2-6938f2be2e96",
  "id" : "4e334325-c263-4df1-b803-ce735dc87a32",
  "name" : "company",
  "sourceFieldname" : "company",
  "description" : "company",
  "dataType" : "string",
  "hasIndex" : false,
  "unique" : false,
  "primarykey" : false,
  "namefield" : false,
  "nullable" : true,
  "custom" : false,
  "createable" : true,
  "updateable" : true,
  "audit" : false,
  "customizable" : false,
  "fieldOrder" : 1,
  "fieldProperties" : {
    "autoGenerated" : "false"
  }
}, {
  "entityTypeId" : "2ac105b6-ee04-43b8-a4b2-6938f2be2e96",
  "id" : "06531a01-900a-4d48-8b07-7ec1b485c363",
  "name" : "cost",
  "sourceFieldname" : "cost",
  "description" : "cost",
  "dataType" : "string",
  "hasIndex" : false,
  "unique" : false,
  "primarykey" : false,
  "namefield" : false,
  "nullable" : true,
  "custom" : false,
  "createable" : true,
  "updateable" : true,
  "audit" : false,
  "customizable" : false,
  "fieldOrder" : 2,
  "fieldProperties" : {
    "autoGenerated" : "false"
  }
}, {
  "entityTypeId" : "2ac105b6-ee04-43b8-a4b2-6938f2be2e96",
  "id" : "20af0b58-2826-4702-8f04-0dca8b1de29e",
  "name" : "guid",
  "sourceFieldname" : "guid",
  "description" : "guid",
  "dataType" : "string",
  "hasIndex" : false,
  "unique" : false,
  "primarykey" : false,
  "namefield" : false,
  "nullable" : true,
  "custom" : false,
  "createable" : true,
  "updateable" : true,
  "audit" : false,
  "customizable" : false,
  "fieldOrder" : 3,
  "fieldProperties" : {
    "autoGenerated" : "false"
  }
}, {
  "entityTypeId" : "2ac105b6-ee04-43b8-a4b2-6938f2be2e96",
  "id" : "ae6941c4-818f-47fb-9d2d-7dbecbd039d6",
  "name" : "id",
  "sourceFieldname" : "id",
  "description" : "id",
  "dataType" : "string",
  "hasIndex" : false,
  "unique" : true,
  "primarykey" : true,
  "namefield" : false,
  "nullable" : false,
  "custom" : false,
  "createable" : true,
  "updateable" : true,
  "audit" : false,
  "customizable" : false,
  "fieldOrder" : 4,
  "fieldProperties" : {
    "autoGenerated" : "false"
  }
}, {
  "entityTypeId" : "2ac105b6-ee04-43b8-a4b2-6938f2be2e96",
  "id" : "08375f81-d1da-4cac-8e39-247351a63084",
  "name" : "index",
  "sourceFieldname" : "index",
  "description" : "index",
  "dataType" : "string",
  "hasIndex" : false,
  "unique" : false,
  "primarykey" : false,
  "namefield" : false,
  "nullable" : true,
  "custom" : false,
  "createable" : true,
  "updateable" : true,
  "audit" : false,
  "customizable" : false,
  "fieldOrder" : 5,
  "fieldProperties" : {
    "autoGenerated" : "false"
  }
}, {
  "entityTypeId" : "2ac105b6-ee04-43b8-a4b2-6938f2be2e96",
  "id" : "f912b34a-cd16-4437-a770-8482ed5ea121",
  "name" : "productDescription",
  "sourceFieldname" : "productDescription",
  "description" : "productDescription",
  "dataType" : "string",
  "hasIndex" : false,
  "unique" : false,
  "primarykey" : false,
  "namefield" : false,
  "nullable" : true,
  "custom" : false,
  "createable" : true,
  "updateable" : true,
  "audit" : false,
  "customizable" : false,
  "fieldOrder" : 6,
  "fieldProperties" : {
    "autoGenerated" : "false"
  }
}, {
  "entityTypeId" : "2ac105b6-ee04-43b8-a4b2-6938f2be2e96",
  "id" : "313e70ca-4ace-45ca-addb-fa6527c16902",
  "name" : "productName",
  "sourceFieldname" : "productName",
  "description" : "productName",
  "dataType" : "string",
  "hasIndex" : false,
  "unique" : false,
  "primarykey" : false,
  "namefield" : false,
  "nullable" : true,
  "custom" : false,
  "createable" : true,
  "updateable" : true,
  "audit" : false,
  "customizable" : false,
  "fieldOrder" : 7,
  "fieldProperties" : {
    "autoGenerated" : "false"
  }
}, {
  "entityTypeId" : "2ac105b6-ee04-43b8-a4b2-6938f2be2e96",
  "id" : "4381a234-e55c-444d-8d6e-33a0c9487fde",
  "name" : "productRating",
  "sourceFieldname" : "productRating",
  "description" : "productRating",
  "dataType" : "string",
  "hasIndex" : false,
  "unique" : false,
  "primarykey" : false,
  "namefield" : false,
  "nullable" : true,
  "custom" : false,
  "createable" : true,
  "updateable" : true,
  "audit" : false,
  "customizable" : false,
  "fieldOrder" : 8,
  "fieldProperties" : {
    "autoGenerated" : "false"
  }
}, {
  "entityTypeId" : "2ac105b6-ee04-43b8-a4b2-6938f2be2e96",
  "id" : "e5348324-cf78-494b-acec-15625de6ffb0",
  "name" : "stockAvailable",
  "sourceFieldname" : "stockAvailable",
  "description" : "stockAvailable",
  "dataType" : "string",
  "hasIndex" : false,
  "unique" : false,
  "primarykey" : false,
  "namefield" : false,
  "nullable" : true,
  "custom" : false,
  "createable" : true,
  "updateable" : true,
  "audit" : false,
  "customizable" : false,
  "fieldOrder" : 9,
  "fieldProperties" : {
    "autoGenerated" : "false"
  }
}, {
  "entityTypeId" : "2ac105b6-ee04-43b8-a4b2-6938f2be2e96",
  "id" : "326fc8aa-08df-4e15-8fda-b8054370541d",
  "name" : "variants",
  "sourceFieldname" : "variants",
  "description" : "variants",
  "dataType" : "string",
  "hasIndex" : false,
  "unique" : false,
  "primarykey" : false,
  "namefield" : false,
  "nullable" : true,
  "custom" : false,
  "createable" : true,
  "updateable" : true,
  "audit" : false,
  "customizable" : false,
  "fieldOrder" : 10,
  "fieldProperties" : {
    "autoGenerated" : "false"
  }
} ]