[ {
  "entityTypeId" : "877790d0-311c-44d9-9d69-d2ef4bdf6394",
  "id" : "56f1fc42-9958-43b2-b8e1-abef142a9481",
  "name" : "about",
  "sourceFieldname" : "about",
  "description" : "about",
  "dataType" : "string",
  "hasIndex" : false,
  "unique" : false,
  "primarykey" : false,
  "namefield" : false,
  "nullable" : true,
  "custom" : false,
  "createable" : true,
  "updateable" : true,
  "audit" : false,
  "customizable" : false,
  "fieldOrder" : 1,
  "fieldProperties" : {
    "autoGenerated" : "false"
  }
}, {
  "entityTypeId" : "877790d0-311c-44d9-9d69-d2ef4bdf6394",
  "id" : "8a0e5319-2ce6-4c5d-b5a7-40fe9962a09f",
  "name" : "address",
  "sourceFieldname" : "address",
  "description" : "address",
  "dataType" : "string",
  "hasIndex" : false,
  "unique" : false,
  "primarykey" : false,
  "namefield" : false,
  "nullable" : true,
  "custom" : false,
  "createable" : true,
  "updateable" : true,
  "audit" : false,
  "customizable" : false,
  "fieldOrder" : 2,
  "fieldProperties" : {
    "autoGenerated" : "false"
  }
}, {
  "entityTypeId" : "877790d0-311c-44d9-9d69-d2ef4bdf6394",
  "id" : "d678feae-2511-467c-8944-94c20bf3b312",
  "name" : "age",
  "sourceFieldname" : "age",
  "description" : "age",
  "dataType" : "string",
  "hasIndex" : false,
  "unique" : false,
  "primarykey" : false,
  "namefield" : false,
  "nullable" : true,
  "custom" : false,
  "createable" : true,
  "updateable" : true,
  "audit" : false,
  "customizable" : false,
  "fieldOrder" : 3,
  "fieldProperties" : {
    "autoGenerated" : "false"
  }
}, {
  "entityTypeId" : "877790d0-311c-44d9-9d69-d2ef4bdf6394",
  "id" : "9cbc4aa3-8a81-4f4e-b255-0ac567ac17a7",
  "name" : "company",
  "sourceFieldname" : "company",
  "description" : "company",
  "dataType" : "string",
  "hasIndex" : false,
  "unique" : false,
  "primarykey" : false,
  "namefield" : false,
  "nullable" : true,
  "custom" : false,
  "createable" : true,
  "updateable" : true,
  "audit" : false,
  "customizable" : false,
  "fieldOrder" : 4,
  "fieldProperties" : {
    "autoGenerated" : "false"
  }
}, {
  "entityTypeId" : "877790d0-311c-44d9-9d69-d2ef4bdf6394",
  "id" : "f2c9a83d-a904-4a2a-96a6-8ac7cfca85ec",
  "name" : "date_of_joining",
  "sourceFieldname" : "date_of_joining",
  "description" : "date_of_joining",
  "dataType" : "string",
  "hasIndex" : false,
  "unique" : false,
  "primarykey" : false,
  "namefield" : false,
  "nullable" : true,
  "custom" : false,
  "createable" : true,
  "updateable" : true,
  "audit" : false,
  "customizable" : false,
  "fieldOrder" : 5,
  "fieldProperties" : {
    "autoGenerated" : "false"
  }
}, {
  "entityTypeId" : "877790d0-311c-44d9-9d69-d2ef4bdf6394",
  "id" : "80b926db-3cd5-4d2f-8325-cf8fe5c356fc",
  "name" : "designation",
  "sourceFieldname" : "designation",
  "description" : "designation",
  "dataType" : "string",
  "hasIndex" : false,
  "unique" : false,
  "primarykey" : false,
  "namefield" : false,
  "nullable" : true,
  "custom" : false,
  "createable" : true,
  "updateable" : true,
  "audit" : false,
  "customizable" : false,
  "fieldOrder" : 6,
  "fieldProperties" : {
    "autoGenerated" : "false"
  }
}, {
  "entityTypeId" : "877790d0-311c-44d9-9d69-d2ef4bdf6394",
  "id" : "6887e3bd-d780-4094-9b21-d77ff9e3175e",
  "name" : "email",
  "sourceFieldname" : "email",
  "description" : "email",
  "dataType" : "string",
  "hasIndex" : false,
  "unique" : false,
  "primarykey" : false,
  "namefield" : false,
  "nullable" : true,
  "custom" : false,
  "createable" : true,
  "updateable" : true,
  "audit" : false,
  "customizable" : false,
  "fieldOrder" : 7,
  "fieldProperties" : {
    "autoGenerated" : "false"
  }
}, {
  "entityTypeId" : "877790d0-311c-44d9-9d69-d2ef4bdf6394",
  "id" : "66f15f46-abc8-4106-9435-a90a3205a378",
  "name" : "gender",
  "sourceFieldname" : "gender",
  "description" : "gender",
  "dataType" : "string",
  "hasIndex" : false,
  "unique" : false,
  "primarykey" : false,
  "namefield" : false,
  "nullable" : true,
  "custom" : false,
  "createable" : true,
  "updateable" : true,
  "audit" : false,
  "customizable" : false,
  "fieldOrder" : 8,
  "fieldProperties" : {
    "autoGenerated" : "false"
  }
}, {
  "entityTypeId" : "877790d0-311c-44d9-9d69-d2ef4bdf6394",
  "id" : "8882c4f0-2c5d-424c-8595-09f7225120e1",
  "name" : "id",
  "sourceFieldname" : "id",
  "description" : "id",
  "dataType" : "string",
  "hasIndex" : false,
  "unique" : true,
  "primarykey" : true,
  "namefield" : false,
  "nullable" : false,
  "custom" : false,
  "createable" : true,
  "updateable" : true,
  "audit" : false,
  "customizable" : false,
  "fieldOrder" : 9,
  "fieldProperties" : {
    "autoGenerated" : "false"
  }
}, {
  "entityTypeId" : "877790d0-311c-44d9-9d69-d2ef4bdf6394",
  "id" : "44d0dcaf-19ae-4051-b5d4-6ac4a0bf425c",
  "name" : "location",
  "sourceFieldname" : "location",
  "description" : "location",
  "dataType" : "string",
  "hasIndex" : false,
  "unique" : false,
  "primarykey" : false,
  "namefield" : false,
  "nullable" : true,
  "custom" : false,
  "createable" : true,
  "updateable" : true,
  "audit" : false,
  "customizable" : false,
  "fieldOrder" : 10,
  "fieldProperties" : {
    "autoGenerated" : "false"
  }
}, {
  "entityTypeId" : "877790d0-311c-44d9-9d69-d2ef4bdf6394",
  "id" : "f6345c58-a242-4ea9-99b1-a1ae7768bb18",
  "name" : "manager",
  "sourceFieldname" : "manager",
  "description" : "manager",
  "dataType" : "string",
  "hasIndex" : false,
  "unique" : false,
  "primarykey" : false,
  "namefield" : false,
  "nullable" : true,
  "custom" : false,
  "createable" : true,
  "updateable" : true,
  "audit" : false,
  "customizable" : false,
  "fieldOrder" : 11,
  "fieldProperties" : {
    "autoGenerated" : "false"
  }
}, {
  "entityTypeId" : "877790d0-311c-44d9-9d69-d2ef4bdf6394",
  "id" : "3e9e55a3-5799-4c9f-99c5-0b4b09ca30a5",
  "name" : "name",
  "sourceFieldname" : "name",
  "description" : "name",
  "dataType" : "string",
  "hasIndex" : false,
  "unique" : false,
  "primarykey" : false,
  "namefield" : false,
  "nullable" : true,
  "custom" : false,
  "createable" : true,
  "updateable" : true,
  "audit" : false,
  "customizable" : false,
  "fieldOrder" : 12,
  "fieldProperties" : {
    "autoGenerated" : "false"
  }
}, {
  "entityTypeId" : "877790d0-311c-44d9-9d69-d2ef4bdf6394",
  "id" : "17ca0733-3e31-4d85-a8ae-a1d79de40acc",
  "name" : "onBoarded",
  "sourceFieldname" : "onBoarded",
  "description" : "onBoarded",
  "dataType" : "string",
  "hasIndex" : false,
  "unique" : false,
  "primarykey" : false,
  "namefield" : false,
  "nullable" : true,
  "custom" : false,
  "createable" : true,
  "updateable" : true,
  "audit" : false,
  "customizable" : false,
  "fieldOrder" : 13,
  "fieldProperties" : {
    "autoGenerated" : "false"
  }
}, {
  "entityTypeId" : "877790d0-311c-44d9-9d69-d2ef4bdf6394",
  "id" : "1edbaa7f-b137-4cae-8699-de52e704761d",
  "name" : "phone",
  "sourceFieldname" : "phone",
  "description" : "phone",
  "dataType" : "string",
  "hasIndex" : false,
  "unique" : false,
  "primarykey" : false,
  "namefield" : false,
  "nullable" : true,
  "custom" : false,
  "createable" : true,
  "updateable" : true,
  "audit" : false,
  "customizable" : false,
  "fieldOrder" : 14,
  "fieldProperties" : {
    "autoGenerated" : "false"
  }
}, {
  "entityTypeId" : "877790d0-311c-44d9-9d69-d2ef4bdf6394",
  "id" : "59cd5c02-9226-457d-b16c-ce675756842e",
  "name" : "salary",
  "sourceFieldname" : "salary",
  "description" : "salary",
  "dataType" : "string",
  "hasIndex" : false,
  "unique" : false,
  "primarykey" : false,
  "namefield" : false,
  "nullable" : true,
  "custom" : false,
  "createable" : true,
  "updateable" : true,
  "audit" : false,
  "customizable" : false,
  "fieldOrder" : 15,
  "fieldProperties" : {
    "autoGenerated" : "false"
  }
} ]